episode,path_time,original_time,infer_time,total_reward
1,655.5382690429688,745.8268432617188,1.9239110946655273,99.31739044189453
2,655.6318359375,745.8268432617188,0.5560011863708496,94.115234375
3,686.4498901367188,745.8268432617188,0.5220537185668945,60.2153434753418
4,653.9873046875,745.8268432617188,0.6043798923492432,101.02338409423828
5,665.482421875,745.8268432617188,0.5057289600372314,83.27955627441406
6,673.5798950195312,745.8268432617188,0.5749204158782959,79.47164916992188
7,674.6959838867188,745.8268432617188,0.5662808418273926,78.24391174316406
8,674.7242431640625,745.8268432617188,0.577789306640625,78.2127914428711
9,671.9085083007812,745.8268432617188,0.6093094348907471,81.3101806640625
10,648.7493896484375,745.8268432617188,0.6355400085449219,101.68590545654297
11,702.736572265625,790.1805419921875,2.011760950088501,96.18836975097656
12,692.8810424804688,790.1805419921875,0.5845074653625488,104.77242279052734
13,714.5637817382812,790.1805419921875,0.5928759574890137,83.17840576171875
14,714.4287719726562,790.1805419921875,0.675018310546875,83.32685852050781
15,682.1614990234375,790.1805419921875,0.5997109413146973,118.82096862792969
16,696.3523559570312,790.1805419921875,0.6015744209289551,103.21099090576172
17,668.4387817382812,790.1805419921875,0.6539802551269531,131.6590118408203
18,679.2391967773438,790.1805419921875,0.6152217388153076,122.03544616699219
19,723.8526611328125,790.1805419921875,0.6442935466766357,72.96074676513672
20,702.8124389648438,790.1805419921875,0.5950353145599365,96.1048355102539
21,606.295166015625,714.1885375976562,1.6483001708984375,118.68284606933594
22,608.9281005859375,714.1885375976562,0.6215121746063232,115.78657531738281
23,625.4540405273438,714.1885375976562,0.5968520641326904,97.60790252685547
24,623.8342895507812,714.1885375976562,0.6021819114685059,99.38986206054688
25,605.261474609375,714.1885375976562,0.6207394599914551,119.81981658935547
26,601.6744995117188,714.1885375976562,0.6076290607452393,119.43754577636719
27,597.61572265625,714.1885375976562,0.5844168663024902,123.90222930908203
28,644.3900146484375,714.1885375976562,0.6333880424499512,76.77848815917969
29,572.72607421875,714.1885375976562,0.6437888145446777,151.2807159423828
30,622.5095825195312,714.1885375976562,0.5951528549194336,100.84693145751953
31,634.4024658203125,720.7428588867188,1.6273283958435059,94.97443389892578
32,645.1328735351562,720.7428588867188,0.6283941268920898,83.17091369628906
33,634.0498046875,720.7428588867188,0.6256697177886963,94.75012969970703
34,647.3114013671875,720.7428588867188,0.6157994270324707,80.7746353149414
35,632.3638305664062,720.7428588867188,0.628981351852417,96.60468292236328
36,614.1507568359375,720.7428588867188,0.6115295886993408,116.63912200927734
37,624.669677734375,720.7428588867188,0.5904393196105957,105.68062591552734
38,631.0054931640625,720.7428588867188,0.587928056716919,98.7110366821289
39,642.604736328125,720.7428588867188,0.6162331104278564,85.33953094482422
40,627.444091796875,720.7428588867188,0.6880307197570801,102.62862396240234
41,637.80224609375,750.0191650390625,1.6415584087371826,113.13092803955078
42,638.0697631835938,750.0191650390625,0.6604459285736084,123.14444732666016
43,650.1057739257812,750.0191650390625,0.6346523761749268,99.59709930419922
44,638.8807373046875,750.0191650390625,0.5860204696655273,122.25226593017578
45,667.9089965820312,750.0191650390625,0.6506264209747314,90.32110595703125
46,637.345947265625,750.0191650390625,0.5860023498535156,123.94051361083984
47,645.29736328125,750.0191650390625,0.6308135986328125,115.19404602050781
48,639.2892456054688,750.0191650390625,0.5944497585296631,111.49531555175781
49,645.398681640625,750.0191650390625,0.6598036289215088,115.0825424194336
50,657.51513671875,750.0191650390625,0.6089494228363037,101.75448608398438
51,670.72265625,750.8225708007812,1.6967926025390625,88.10982513427734
52,650.1024169921875,750.8225708007812,0.6177093982696533,107.47300720214844
53,657.786376953125,750.8225708007812,0.6025192737579346,99.02063751220703
54,658.8211669921875,750.8225708007812,0.6130437850952148,97.88236999511719
55,674.3744506835938,750.8225708007812,0.6423013210296631,84.09291076660156
56,666.6572265625,750.8225708007812,0.6793670654296875,89.26268005371094
57,664.9984741210938,750.8225708007812,0.5885515213012695,94.40648651123047
58,669.726806640625,750.8225708007812,0.5843558311462402,89.20536041259766
59,645.6192626953125,750.8225708007812,0.5941338539123535,112.4044418334961
60,661.1547241210938,750.8225708007812,0.6438782215118408,95.3155746459961
61,634.401611328125,769.0767211914062,2.100283145904541,146.4892578125
62,626.405029296875,769.0767211914062,0.6111531257629395,156.93881225585938
63,673.41357421875,769.0767211914062,0.5884780883789062,105.2296371459961
64,658.3921508789062,769.0767211914062,0.6157126426696777,121.75312805175781
65,687.63427734375,769.0767211914062,0.6047542095184326,89.58680725097656
66,663.77685546875,769.0767211914062,0.6087703704833984,114.17643737792969
67,648.35888671875,769.0767211914062,0.6156754493713379,132.7896728515625
68,644.1775512695312,769.0767211914062,0.6198620796203613,135.73574829101562
69,647.2371826171875,769.0767211914062,0.6204471588134766,134.02352905273438
70,629.4799194335938,769.0767211914062,0.6372954845428467,153.5565643310547
71,745.6068115234375,830.1602783203125,2.4143259525299072,93.00898742675781
72,734.2346801757812,830.1602783203125,0.6894845962524414,101.5175552368164
73,713.2450561523438,830.1602783203125,0.7117033004760742,128.6068878173828
74,725.7639770507812,830.1602783203125,0.6954200267791748,114.8359146118164
75,694.3223266601562,830.1602783203125,0.700890064239502,149.421875
76,745.01318359375,830.1602783203125,0.6566176414489746,93.661865234375
77,735.0344848632812,830.1602783203125,0.6499505043029785,104.63846588134766
78,699.6261596679688,830.1602783203125,0.6518735885620117,143.58770751953125
79,723.017822265625,830.1602783203125,0.6645243167877197,117.85685729980469
80,713.9805297851562,830.1602783203125,0.6421477794647217,127.79788970947266
81,680.6975708007812,781.024658203125,2.0844593048095703,110.35991668701172
82,701.6364135742188,781.024658203125,0.6445286273956299,86.8507308959961
83,681.2049560546875,781.024658203125,0.6111099720001221,109.32539367675781
84,685.96875,781.024658203125,0.6159799098968506,104.56168365478516
85,693.9089965820312,781.024658203125,0.6486725807189941,95.82730865478516
86,654.7888793945312,781.024658203125,0.6005163192749023,138.85935974121094
87,685.8880004882812,781.024658203125,0.6388263702392578,104.65038299560547
88,702.2970581054688,781.024658203125,0.585594654083252,86.60039520263672
89,658.0381469726562,781.024658203125,0.6116971969604492,135.2852783203125
90,694.1431274414062,781.024658203125,0.5616347789764404,95.09333038330078
91,688.472900390625,792.3086547851562,2.3998498916625977,114.2193603515625
92,705.14404296875,792.3086547851562,0.5891919136047363,95.88114166259766
93,693.3001708984375,792.3086547851562,0.6028187274932861,108.90946197509766
94,691.7589111328125,792.3086547851562,0.6108317375183105,110.60467529296875
95,675.5797119140625,792.3086547851562,0.6794130802154541,120.75079345703125
96,695.7119140625,792.3086547851562,0.627723217010498,106.25647735595703
97,686.0333251953125,792.3086547851562,0.6213414669036865,109.25188446044922
98,703.6031494140625,792.3086547851562,0.6058042049407959,97.57599639892578
99,690.920654296875,792.3086547851562,0.5890066623687744,103.87577056884766
100,708.7811889648438,792.3086547851562,0.5987393856048584,91.88002014160156
101,678.3397216796875,787.4971923828125,2.2897794246673584,120.07328033447266
102,678.8602905273438,787.4971923828125,0.661522388458252,113.01107025146484
103,698.8323974609375,787.4971923828125,0.6099147796630859,97.53136444091797
104,687.3384399414062,787.4971923828125,0.5744431018829346,110.17456817626953
105,703.6419677734375,787.4971923828125,0.6008932590484619,85.75109100341797
106,683.7235717773438,787.4971923828125,0.6109323501586914,114.1510009765625
107,696.3334350585938,787.4971923828125,0.6086692810058594,100.28016662597656
108,711.9818725585938,787.4971923828125,0.6025056838989258,83.06684875488281
109,681.447509765625,787.4971923828125,0.6118674278259277,116.6546630859375
110,692.7520751953125,787.4971923828125,0.6875431537628174,97.72994995117188
111,685.5328979492188,769.231689453125,1.8628592491149902,92.06873321533203
112,674.879638671875,769.231689453125,0.5823287963867188,103.78733825683594
113,703.6109008789062,769.231689453125,0.5715916156768799,72.1828384399414
114,649.0421752929688,769.231689453125,0.641944169998169,132.20835876464844
115,701.781005859375,769.231689453125,0.6489369869232178,74.19575500488281
116,684.8759765625,769.231689453125,0.6144976615905762,92.79134368896484
117,668.7009887695312,769.231689453125,0.6367433071136475,110.58385467529297
118,652.1857299804688,769.231689453125,0.628110408782959,128.7506866455078
119,684.843017578125,769.231689453125,0.6205689907073975,92.82756042480469
120,672.0333862304688,769.231689453125,0.6669440269470215,106.91822814941406
121,690.9754638671875,804.4336547851562,1.950758695602417,111.53950500488281
122,722.7928466796875,804.4336547851562,0.7772092819213867,89.80494689941406
123,651.1488037109375,804.4336547851562,0.5279381275177002,155.348876953125
124,707.295166015625,804.4336547851562,0.5180618762969971,93.58790588378906
125,707.8832397460938,804.4336547851562,0.5374624729156494,106.20549011230469
126,704.4402465820312,804.4336547851562,0.6196422576904297,109.99284362792969
127,717.3456420898438,804.4336547851562,0.715705394744873,95.7967529296875
128,715.8953247070312,804.4336547851562,0.6076362133026123,97.39213562011719
129,723.155517578125,804.4336547851562,0.6263115406036377,89.40595245361328
130,708.7867431640625,804.4336547851562,0.6105849742889404,91.94717407226562
131,674.219970703125,764.303466796875,2.0785956382751465,95.91905975341797
132,681.3868408203125,764.303466796875,0.5631952285766602,88.03549194335938
133,661.6317138671875,764.303466796875,0.6184985637664795,112.93891906738281
134,677.6470336914062,764.303466796875,0.6005270481109619,95.32211303710938
135,666.1701049804688,764.303466796875,0.6488766670227051,107.94661712646484
136,653.8526611328125,764.303466796875,0.6265110969543457,121.4958724975586
137,694.636962890625,764.303466796875,0.5901906490325928,73.46041107177734
138,680.6918334960938,764.303466796875,0.586653470993042,91.97273254394531
139,670.8729858398438,764.303466796875,0.5860843658447266,102.7734146118164
140,647.38818359375,764.303466796875,0.6436891555786133,125.43395233154297
141,645.4541015625,774.9463500976562,2.316709280014038,142.4415283203125
142,666.9051513671875,774.9463500976562,0.5609571933746338,115.4628677368164
143,666.9732666015625,774.9463500976562,0.6200473308563232,118.77030181884766
144,666.8331298828125,774.9463500976562,0.5720431804656982,118.9244613647461
145,683.3461303710938,774.9463500976562,0.5284421443939209,100.76024627685547
146,668.7902221679688,774.9463500976562,0.6087162494659424,116.77172088623047
147,660.8712158203125,774.9463500976562,0.5728256702423096,122.10004425048828
148,665.062255859375,774.9463500976562,0.5822527408599854,117.4900131225586
149,656.9344482421875,774.9463500976562,0.5998616218566895,126.43060302734375
150,666.331298828125,774.9463500976562,0.5751309394836426,116.0941162109375
151,661.50927734375,773.6719360351562,2.2052204608917236,123.37899017333984
152,660.6027221679688,773.6719360351562,0.643221378326416,119.08049774169922
153,669.1727905273438,773.6719360351562,0.7133591175079346,109.6534423828125
154,674.7669067382812,773.6719360351562,0.5855472087860107,103.49986267089844
155,698.4902954101562,773.6719360351562,0.5687921047210693,82.69981384277344
156,680.1949462890625,773.6719360351562,0.5883333683013916,97.5291519165039
157,704.114990234375,773.6719360351562,0.5940980911254883,76.51268005371094
158,652.4126586914062,773.6719360351562,0.6095294952392578,128.08961486816406
159,662.9313354492188,773.6719360351562,0.5848703384399414,116.51898193359375
160,647.9296875,773.6719360351562,0.6470808982849121,138.3164520263672
161,673.4324340820312,780.4440307617188,1.834024429321289,117.71263122558594
162,702.1112670898438,780.4440307617188,0.5585978031158447,86.16577911376953
163,692.587890625,780.4440307617188,0.595672607421875,96.64167785644531
164,709.5344848632812,780.4440307617188,0.5980277061462402,78.00041961669922
165,677.5988159179688,780.4440307617188,0.6372156143188477,105.6690444946289
166,679.9176635742188,780.4440307617188,0.6085808277130127,110.5791015625
167,650.4495849609375,780.4440307617188,0.5424106121063232,142.99380493164062
168,697.9202880859375,780.4440307617188,0.5718023777008057,83.31532287597656
169,656.721435546875,780.4440307617188,0.5828328132629395,128.63414001464844
170,726.7393798828125,780.4440307617188,0.5547428131103516,59.0750846862793
171,649.0151977539062,752.021240234375,1.6147348880767822,113.30662536621094
172,650.558837890625,752.021240234375,0.6074645519256592,111.60855102539062
173,647.0140380859375,752.021240234375,0.6501367092132568,114.47600555419922
174,647.6109008789062,752.021240234375,0.5781211853027344,114.85142517089844
175,631.1959838867188,752.021240234375,0.6167354583740234,132.90768432617188
176,647.6748657226562,752.021240234375,0.5831878185272217,113.7490463256836
177,649.4177856445312,752.021240234375,0.6444334983825684,112.86373138427734
178,655.6788940429688,752.021240234375,0.6094937324523926,104.94464874267578
179,641.7257690429688,752.021240234375,0.624737024307251,121.3249740600586
180,633.3860473632812,752.021240234375,0.7127518653869629,130.49871826171875
181,707.4750366210938,807.1334228515625,1.940030813217163,107.29673767089844
182,710.14697265625,807.1334228515625,0.602670431137085,104.35749816894531
183,706.7175903320312,807.1334228515625,0.6458625793457031,108.12983703613281
184,667.362060546875,807.1334228515625,0.6201469898223877,153.74864196777344
185,687.671875,807.1334228515625,0.6085941791534424,131.40780639648438
186,707.2769775390625,807.1334228515625,0.6051316261291504,109.84207916259766
187,724.2953491210938,807.1334228515625,0.6000354290008545,88.79422760009766
188,687.5791015625,807.1334228515625,0.6283533573150635,129.1822052001953
189,707.0853271484375,807.1334228515625,0.628997802734375,110.05281066894531
190,716.2747192382812,807.1334228515625,0.5758285522460938,99.94464874267578
191,682.0108642578125,766.81982421875,1.9153666496276855,93.28990173339844
192,703.5587768554688,766.81982421875,0.5850358009338379,66.91726684570312
193,685.5355224609375,766.81982421875,0.6482498645782471,89.412841796875
194,683.0520629882812,766.81982421875,0.654282808303833,89.47468566894531
195,690.7950439453125,766.81982421875,0.7241766452789307,83.62734985351562
196,686.4951171875,766.81982421875,0.6007280349731445,88.35719299316406
197,684.8583984375,766.81982421875,0.6374959945678711,90.1576156616211
198,656.8214721679688,766.81982421875,0.6119472980499268,118.32817077636719
199,680.7447509765625,766.81982421875,0.6380102634429932,94.68241119384766
200,688.23095703125,766.81982421875,0.5719327926635742,83.77782440185547
201,677.664306640625,760.5416259765625,2.0084874629974365,90.3446273803711
202,677.468017578125,760.5416259765625,0.6380014419555664,91.3809585571289
203,651.1895751953125,760.5416259765625,0.6313555240631104,120.28721618652344
204,660.9117431640625,760.5416259765625,0.6443765163421631,109.5927963256836
205,664.4033813476562,760.5416259765625,0.654810905456543,105.75202941894531
206,651.2422485351562,760.5416259765625,0.6447348594665527,119.40884399414062
207,640.9814453125,760.5416259765625,0.6316516399383545,130.6956787109375
208,678.6448364257812,760.5416259765625,0.5952708721160889,90.08645629882812
209,672.9083862304688,760.5416259765625,0.676978349685669,96.39646911621094
210,666.1400756835938,760.5416259765625,0.6306900978088379,103.84159851074219
211,695.2597045898438,769.066650390625,2.026181697845459,77.88063049316406
212,669.7568359375,769.066650390625,0.6981921195983887,105.93370056152344
213,661.0650024414062,769.066650390625,0.5733587741851807,118.80184936523438
214,702.94921875,769.066650390625,0.5844366550445557,72.72921752929688
215,669.3851318359375,769.066650390625,0.6996333599090576,106.3426513671875
216,683.9314575195312,769.066650390625,0.6238856315612793,93.64876556396484
217,665.399169921875,769.066650390625,0.6131739616394043,114.03437805175781
218,662.4782104492188,769.066650390625,0.5946798324584961,117.24740600585938
219,639.47412109375,769.066650390625,0.60479736328125,142.55189514160156
220,661.657470703125,769.066650390625,0.5822393894195557,118.15010833740234
221,720.2896728515625,812.6102294921875,2.2716825008392334,99.17129516601562
222,716.7861328125,812.6102294921875,0.5859880447387695,105.40668487548828
223,720.277099609375,812.6102294921875,0.588458776473999,99.18511199951172
224,697.4299926757812,812.6102294921875,0.6114487648010254,124.31693267822266
225,696.2113037109375,812.6102294921875,0.5770690441131592,128.03892517089844
226,687.5055541992188,812.6102294921875,0.6290316581726074,137.61512756347656
227,698.8765869140625,812.6102294921875,0.6412527561187744,125.10709381103516
228,680.6802978515625,812.6102294921875,0.5928707122802734,142.74156188964844
229,706.5961303710938,812.6102294921875,0.6482746601104736,116.61566162109375
230,703.789794921875,812.6102294921875,0.600245475769043,119.70255279541016
231,666.3010864257812,786.115966796875,2.1564149856567383,125.94306945800781
232,663.8843383789062,786.115966796875,0.6373507976531982,128.60150146484375
233,684.6434326171875,786.115966796875,0.6577367782592773,105.76641845703125
234,688.5916748046875,786.115966796875,0.7654740810394287,107.27665710449219
235,684.8477783203125,786.115966796875,0.6085245609283447,111.39501953125
236,687.372802734375,786.115966796875,0.5806465148925781,108.61756134033203
237,708.673095703125,786.115966796875,0.6413393020629883,85.18709564208984
238,670.4024658203125,786.115966796875,0.6410319805145264,127.28489685058594
239,696.5972900390625,786.115966796875,0.5982587337493896,98.4705581665039
240,697.7301635742188,786.115966796875,0.5774028301239014,97.2244644165039
241,702.0029296875,799.145751953125,2.428842067718506,106.85721588134766
242,699.8421020507812,799.145751953125,0.6252169609069824,109.23406219482422
243,718.1840209960938,799.145751953125,0.6171205043792725,89.05790710449219
244,714.6602783203125,799.145751953125,0.6311366558074951,92.9340591430664
245,717.2730712890625,799.145751953125,0.63470458984375,90.05988311767578
246,701.1918334960938,799.145751953125,0.6321308612823486,107.7492904663086
247,688.5360107421875,799.145751953125,0.7363994121551514,121.67078399658203
248,702.9984130859375,799.145751953125,0.681361198425293,102.08023071289062
249,691.1722412109375,799.145751953125,0.6048617362976074,118.77090454101562
250,707.0057373046875,799.145751953125,0.6583418846130371,97.67208862304688
251,699.9406127929688,786.716796875,2.2759664058685303,95.4538345336914
252,713.7713012695312,786.716796875,0.6074466705322266,75.03502655029297
253,688.9514770507812,786.716796875,0.6574058532714844,102.33695220947266
254,688.8946533203125,786.716796875,0.6501777172088623,102.39944458007812
255,683.07666015625,786.716796875,0.6772973537445068,108.79910278320312
256,722.4879760742188,786.716796875,0.621462345123291,70.65170288085938
257,693.6201782226562,786.716796875,0.6284544467926025,102.40618133544922
258,691.1266479492188,786.716796875,0.6487970352172852,105.14920043945312
259,704.0859375,786.716796875,0.6181180477142334,90.89395904541016
260,704.1466674804688,786.716796875,0.6625730991363525,90.82705688476562
261,642.696044921875,773.9280395507812,2.03709077835083,144.3551788330078
262,680.3424682617188,773.9280395507812,0.6409907341003418,102.94412231445312
263,662.5547485351562,773.9280395507812,0.6257059574127197,116.05225372314453
264,695.3773193359375,773.9280395507812,0.6165106296539307,86.40587615966797
265,661.4822387695312,773.9280395507812,0.6903338432312012,123.69043731689453
266,660.6741333007812,773.9280395507812,0.6386744976043701,124.57939910888672
267,661.45068359375,773.9280395507812,0.5975077152252197,117.26673889160156
268,663.8529052734375,773.9280395507812,0.5861868858337402,121.08265686035156
269,672.1557006835938,773.9280395507812,0.6548810005187988,105.49115753173828
270,668.4476928710938,773.9280395507812,0.6322684288024902,109.5699691772461
271,694.1716918945312,790.7916259765625,2.133458137512207,101.810791015625
272,712.992431640625,790.7916259765625,0.6324324607849121,85.57907104492188
273,679.62744140625,790.7916259765625,0.6251740455627441,117.80941772460938
274,697.0689697265625,790.7916259765625,0.645343542098999,103.0949935913086
275,682.9207153320312,790.7916259765625,0.6497604846954346,118.65809631347656
276,676.47412109375,790.7916259765625,0.5853016376495361,121.2780990600586
277,717.9141845703125,790.7916259765625,0.6275651454925537,80.16523742675781
278,680.9102783203125,790.7916259765625,0.7657127380371094,116.39813995361328
279,684.0220947265625,790.7916259765625,0.6449084281921387,117.44656372070312
280,717.3313598632812,790.7916259765625,0.6909639835357666,80.80622100830078
281,669.177734375,789.0799560546875,2.7443161010742188,131.89251708984375
282,691.94287109375,789.0799560546875,0.5841622352600098,106.8508071899414
283,657.9783325195312,789.0799560546875,0.6221551895141602,144.2119140625
284,666.444091796875,789.0799560546875,0.6494283676147461,134.89950561523438
285,688.761474609375,789.0799560546875,0.569678783416748,105.80612182617188
286,666.4788818359375,789.0799560546875,0.5297963619232178,130.31689453125
287,664.0519409179688,789.0799560546875,0.5688321590423584,137.53082275390625
288,693.0811157226562,789.0799560546875,0.5916497707366943,105.5987777709961
289,673.3305053710938,789.0799560546875,0.6390509605407715,127.32453155517578
290,678.5341796875,789.0799560546875,0.6108996868133545,117.05601501464844
291,630.8153686523438,769.8516845703125,1.8271844387054443,147.02330017089844
292,667.0499877929688,769.8516845703125,0.7069320678710938,113.0818862915039
293,663.25927734375,769.8516845703125,0.6554639339447021,117.25166320800781
294,685.7326049804688,769.8516845703125,0.5990560054779053,92.53099822998047
295,677.44921875,769.8516845703125,0.7246003150939941,95.7259292602539
296,683.1482543945312,769.8516845703125,0.547093391418457,89.45692443847656
297,685.4286499023438,769.8516845703125,0.5659704208374023,92.86534118652344
298,679.2769165039062,769.8516845703125,0.5945250988006592,99.63231658935547
299,681.3792724609375,769.8516845703125,0.6172878742218018,91.40267944335938
300,687.4088745117188,769.8516845703125,0.604773998260498,90.68721771240234
301,695.317138671875,785.486572265625,2.205974817276001,96.83493041992188
302,666.7554931640625,785.486572265625,0.5825610160827637,128.25277709960938
303,705.80078125,785.486572265625,0.6130409240722656,87.65438079833984
304,681.9119262695312,785.486572265625,0.6587710380554199,113.9321517944336
305,691.6209106445312,785.486572265625,0.6602659225463867,103.25215148925781
306,677.95751953125,785.486572265625,0.6136195659637451,118.28192901611328
307,702.3260498046875,785.486572265625,0.6395812034606934,91.47661590576172
308,689.8485107421875,785.486572265625,0.5676829814910889,102.85029602050781
309,695.8922729492188,785.486572265625,0.5595111846923828,98.55375671386719
310,673.3763427734375,785.486572265625,0.5954153537750244,123.32115936279297
311,707.7317504882812,782.0408325195312,2.108416795730591,81.74000549316406
312,701.8975830078125,782.0408325195312,0.6553523540496826,88.157470703125
313,675.1513671875,782.0408325195312,0.6153950691223145,113.03132629394531
314,642.7762451171875,782.0408325195312,0.6101768016815186,148.64405822753906
315,695.6041259765625,782.0408325195312,0.6471254825592041,90.53321075439453
316,663.2337036132812,782.0408325195312,0.5653994083404541,126.14087677001953
317,678.8804931640625,782.0408325195312,0.6372768878936768,113.47631072998047
318,663.7013549804688,782.0408325195312,0.6490118503570557,125.62635040283203
319,663.8790283203125,782.0408325195312,0.6974046230316162,129.97801208496094
320,693.0662231445312,782.0408325195312,0.5802409648895264,97.87197875976562
321,644.6660766601562,739.0867919921875,1.6763956546783447,101.95532989501953
322,637.0703125,739.0867919921875,0.672360897064209,110.31070709228516
323,656.2145385742188,739.0867919921875,0.5836782455444336,89.25215911865234
324,668.3834228515625,739.0867919921875,0.6456425189971924,77.77365112304688
325,665.607666015625,739.0867919921875,0.5952136516571045,80.82707977294922
326,680.3173828125,739.0867919921875,0.639582633972168,64.64631652832031
327,641.5935668945312,739.0867919921875,0.6347255706787109,105.33504486083984
328,654.9757080078125,739.0867919921875,0.6050832271575928,92.522216796875
329,653.8555908203125,739.0867919921875,0.5687613487243652,91.84696197509766
330,673.96044921875,739.0867919921875,0.6883814334869385,71.63893127441406
331,709.7117309570312,809.0880737304688,1.9520211219787598,109.31399536132812
332,721.9356079101562,809.0880737304688,0.5909216403961182,95.86766815185547
333,724.9266967773438,809.0880737304688,0.6383342742919922,90.8766098022461
334,725.2221069335938,809.0880737304688,0.6165938377380371,92.25255584716797
335,705.8931884765625,809.0880737304688,0.6317710876464844,113.5143814086914
336,738.7939453125,809.0880737304688,0.6268391609191895,75.62251281738281
337,700.2764282226562,809.0880737304688,0.6484096050262451,117.99185943603516
338,725.431640625,809.0880737304688,0.6038527488708496,92.02198791503906
339,715.9048461914062,809.0880737304688,0.6248857975006104,102.50144958496094
340,711.4987182617188,809.0880737304688,0.6379168033599854,107.34809875488281
341,694.5617065429688,786.0991821289062,2.0311355590820312,100.69122314453125
342,681.7059936523438,786.0991821289062,0.7031610012054443,114.83241271972656
343,693.9535522460938,786.0991821289062,0.629399299621582,98.25357055664062
344,696.1583862304688,786.0991821289062,0.6218314170837402,98.93475341796875
345,684.6668701171875,786.0991821289062,0.607893705368042,111.5756607055664
346,655.3984375,786.0991821289062,0.647075891494751,143.77066040039062
347,716.0208129882812,786.0991821289062,0.5977096557617188,77.086181640625
348,685.7953491210938,786.0991821289062,0.5959835052490234,107.22772216796875
349,673.673095703125,786.0991821289062,0.657935380935669,123.66859436035156
350,684.0236206054688,786.0991821289062,0.6537864208221436,112.28303527832031
351,641.2452392578125,751.0174560546875,1.5820732116699219,111.93072509765625
352,658.8771362304688,751.0174560546875,0.5540461540222168,92.53562927246094
353,675.792236328125,751.0174560546875,0.5432467460632324,82.74771881103516
354,653.0311279296875,751.0174560546875,0.551983118057251,107.78498840332031
355,668.88818359375,751.0174560546875,0.5550591945648193,81.5234603881836
356,680.7733764648438,751.0174560546875,0.565361499786377,77.26856231689453
357,659.4754638671875,751.0174560546875,0.6259043216705322,100.6961441040039
358,668.9381103515625,751.0174560546875,0.5549483299255371,81.46856689453125
359,651.4541625976562,751.0174560546875,0.5814623832702637,100.70082092285156
360,654.9060668945312,751.0174560546875,0.5814199447631836,105.72252655029297
361,703.9896850585938,828.5892944335938,2.151308536529541,127.99189758300781
362,735.408203125,828.5892944335938,0.611497163772583,102.49909973144531
363,725.2052001953125,828.5892944335938,0.6682822704315186,113.72251892089844
364,711.608642578125,828.5892944335938,0.6062009334564209,128.6787109375
365,703.1048583984375,828.5892944335938,0.6230807304382324,128.96524047851562
366,716.2149658203125,828.5892944335938,0.6138367652893066,123.61172485351562
367,711.3409423828125,828.5892944335938,0.6309683322906494,128.9731903076172
368,730.5205688476562,828.5892944335938,0.5599892139434814,98.80797576904297
369,702.1787109375,828.5892944335938,0.6269247531890869,129.98406982421875
370,715.040283203125,828.5892944335938,0.6319608688354492,115.83633422851562
371,711.1614379882812,795.6439208984375,1.6261296272277832,87.19158935546875
372,675.1970825195312,795.6439208984375,0.56549072265625,126.7521743774414
373,689.5271606445312,795.6439208984375,0.6116907596588135,110.98917388916016
374,672.6678466796875,795.6439208984375,0.6165459156036377,129.53436279296875
375,700.8002319335938,795.6439208984375,0.6099951267242432,104.32799530029297
376,672.9873046875,795.6439208984375,0.6350808143615723,134.9223175048828
377,680.4923706054688,795.6439208984375,0.5717172622680664,120.92741394042969
378,688.5181884765625,795.6439208984375,0.5832164287567139,117.83818817138672
379,674.65673828125,795.6439208984375,0.6338934898376465,133.08584594726562
380,663.9373168945312,795.6439208984375,0.6167745590209961,144.87721252441406
381,721.4889526367188,820.0223388671875,2.0242807865142822,104.15097045898438
382,718.0140991210938,820.0223388671875,0.5900309085845947,112.2091064453125
383,683.47119140625,820.0223388671875,0.589590311050415,145.97055053710938
384,707.222412109375,820.0223388671875,0.6793384552001953,124.0799331665039
385,735.1494750976562,820.0223388671875,0.604316234588623,89.12451171875
386,739.2979125976562,820.0223388671875,0.5611040592193604,88.79682159423828
387,688.4342651367188,820.0223388671875,0.5902533531188965,140.51107788085938
388,690.5118408203125,820.0223388671875,0.5499706268310547,138.225830078125
389,688.284912109375,820.0223388671875,0.5324757099151611,144.91110229492188
390,722.3024291992188,820.0223388671875,0.5291881561279297,103.25606536865234
391,663.2943115234375,784.1798706054688,2.0540378093719482,130.54428100585938
392,684.87939453125,784.1798706054688,0.6446444988250732,109.23063659667969
393,664.4423217773438,784.1798706054688,0.6100940704345703,131.71131896972656
394,695.1920166015625,784.1798706054688,0.6124444007873535,95.45669555664062
395,674.4886474609375,784.1798706054688,0.602433443069458,120.66041564941406
396,681.5078735351562,784.1798706054688,0.7036879062652588,110.50917053222656
397,717.9706420898438,784.1798706054688,0.6563601493835449,72.83023071289062
398,693.5404052734375,784.1798706054688,0.5904760360717773,99.70341491699219
399,662.5322265625,784.1798706054688,0.5365786552429199,133.81246948242188
400,692.033935546875,784.1798706054688,0.5166544914245605,101.3606185913086
401,701.5421142578125,780.8668212890625,1.7676470279693604,87.2572021484375
402,661.4134521484375,780.8668212890625,0.5508270263671875,128.17239379882812
403,681.8618774414062,780.8668212890625,0.5493903160095215,105.67924499511719
404,704.0175170898438,780.8668212890625,0.5548439025878906,84.5343246459961
405,677.1189575195312,780.8668212890625,0.5230374336242676,114.12274932861328
406,650.5830688476562,780.8668212890625,0.5214500427246094,140.08567810058594
407,712.4693603515625,780.8668212890625,0.542855978012085,72.01085662841797
408,720.3834228515625,780.8668212890625,0.5637674331665039,63.30531311035156
409,690.9854125976562,780.8668212890625,0.6015892028808594,95.64319610595703
410,659.4103393554688,780.8668212890625,0.5817193984985352,133.6021728515625
411,677.9920043945312,777.4097290039062,2.3458051681518555,109.35936737060547
412,710.154052734375,777.4097290039062,0.5044326782226562,73.98125457763672
413,728.7001342773438,777.4097290039062,0.5617008209228516,53.58046340942383
414,701.6195678710938,777.4097290039062,0.5604128837585449,80.64530944824219
415,679.2876586914062,777.4097290039062,0.5848205089569092,105.21026611328125
416,696.7498779296875,777.4097290039062,0.582038402557373,88.7257080078125
417,687.9635009765625,777.4097290039062,0.5399329662322998,98.39088439941406
418,697.0342407226562,777.4097290039062,0.50919508934021,85.68917846679688
419,706.4154052734375,777.4097290039062,0.5778152942657471,78.09365844726562
420,666.96240234375,777.4097290039062,0.5945127010345459,118.76808166503906
421,643.847900390625,759.460693359375,1.9365322589874268,127.174072265625
422,665.3616943359375,759.460693359375,0.5473282337188721,103.50885772705078
423,670.809326171875,759.460693359375,0.5374794006347656,97.51654052734375
424,656.0498046875,759.460693359375,0.5381574630737305,113.75186157226562
425,647.0841674804688,759.460693359375,0.5718996524810791,123.61408996582031
426,667.4441528320312,759.460693359375,0.5398743152618408,98.95552825927734
427,653.0967407226562,759.460693359375,0.5645501613616943,117.00039672851562
428,662.7536010742188,759.460693359375,0.5394396781921387,106.37776947021484
429,656.1416015625,759.460693359375,0.5296890735626221,113.65098571777344
430,654.6248168945312,759.460693359375,0.5293161869049072,113.05671691894531
431,677.7042236328125,786.3217163085938,1.918562650680542,119.47933959960938
432,691.2529296875,786.3217163085938,0.5702581405639648,103.0806884765625
433,672.1032104492188,786.3217163085938,0.5475170612335205,125.64054870605469
434,716.0963745117188,786.3217163085938,0.6631050109863281,77.24793243408203
435,696.8403930664062,786.3217163085938,0.6108582019805908,98.42943572998047
436,676.1610107421875,786.3217163085938,0.57625412940979,119.68177032470703
437,714.6076049804688,786.3217163085938,0.5460033416748047,78.885498046875
438,679.9108276367188,786.3217163085938,0.5589749813079834,115.55696868896484
439,657.88720703125,786.3217163085938,0.5608179569244385,141.27810668945312
440,687.7996826171875,786.3217163085938,0.6362087726593018,108.3742904663086
441,707.3278198242188,821.9176025390625,1.7106447219848633,124.04473114013672
442,733.0955810546875,821.9176025390625,0.5542840957641602,97.70428466796875
443,685.5563354492188,821.9176025390625,0.5439667701721191,149.9973907470703
444,701.736083984375,821.9176025390625,0.5296945571899414,132.19964599609375
445,696.2576293945312,821.9176025390625,0.5616819858551025,138.22605895996094
446,719.2411499023438,821.9176025390625,0.562666654586792,112.94407653808594
447,702.7020874023438,821.9176025390625,0.5421774387359619,131.13717651367188
448,720.0489501953125,821.9176025390625,0.5409815311431885,112.0556411743164
449,740.343017578125,821.9176025390625,0.5093793869018555,87.72798919677734
450,698.5750122070312,821.9176025390625,0.5640270709991455,135.6768798828125
451,681.7105102539062,777.5549926757812,1.8697900772094727,100.20784759521484
452,678.9730224609375,777.5549926757812,0.5408570766448975,108.44023132324219
453,685.7659301757812,777.5549926757812,0.5555541515350342,95.74688720703125
454,634.0166625976562,777.5549926757812,0.5835003852844238,152.67095947265625
455,681.9884643554688,777.5549926757812,0.567734956741333,105.12309265136719
456,666.17529296875,777.5549926757812,0.5147726535797119,122.51762390136719
457,679.5125732421875,777.5549926757812,0.5593595504760742,102.62561798095703
458,695.5761108398438,777.5549926757812,0.5375692844390869,84.95575714111328
459,679.0286254882812,777.5549926757812,0.5314130783081055,103.1579360961914
460,694.3086547851562,777.5549926757812,0.5937623977661133,91.571044921875
461,709.595703125,798.614013671875,1.862011194229126,97.9201431274414
462,698.9291381835938,798.614013671875,0.5411677360534668,109.59937286376953
463,696.416748046875,798.614013671875,0.5771040916442871,112.41703796386719
464,697.9813842773438,798.614013671875,0.5933873653411865,110.69578552246094
465,689.102783203125,798.614013671875,0.540431022644043,120.46226501464844
466,691.7078857421875,798.614013671875,0.544379711151123,117.54281616210938
467,713.0274658203125,798.614013671875,0.5171239376068115,94.09112548828125
468,663.6360473632812,798.614013671875,0.5504791736602783,148.42166137695312
469,688.9373168945312,798.614013671875,0.5512032508850098,120.64437103271484
470,695.3179321289062,798.614013671875,0.5689859390258789,113.57161712646484
471,657.1439208984375,749.288330078125,1.6404242515563965,101.35891723632812
472,672.2783203125,749.288330078125,0.5810837745666504,79.34739685058594
473,676.339111328125,749.288330078125,0.5145635604858398,74.88050842285156
474,680.2228393554688,749.288330078125,0.5235600471496582,70.6082534790039
475,642.9512329101562,749.288330078125,0.570289134979248,116.97074890136719
476,688.4813842773438,749.288330078125,0.5643641948699951,66.88768005371094
477,654.4638061523438,749.288330078125,0.5844497680664062,104.30711364746094
478,666.676513671875,749.288330078125,0.5137424468994141,85.50931549072266
479,661.7560424804688,749.288330078125,0.5446133613586426,96.28543090820312
480,651.9642944335938,749.288330078125,0.5967087745666504,107.0564956665039
481,665.68603515625,773.6519775390625,1.9083876609802246,118.7626724243164
482,665.5494995117188,773.6519775390625,0.52571702003479,118.9127426147461
483,664.2351684570312,773.6519775390625,0.555109977722168,116.63105010986328
484,692.3075561523438,773.6519775390625,0.5264861583709717,89.47897338867188
485,669.5619506835938,773.6519775390625,0.551485538482666,110.77159118652344
486,694.4562377929688,773.6519775390625,0.574704647064209,87.11543273925781
487,662.8226318359375,773.6519775390625,0.59332275390625,118.18484497070312
488,685.112060546875,773.6519775390625,0.5373084545135498,97.39384460449219
489,664.1450805664062,773.6519775390625,0.5815134048461914,116.73015594482422
490,682.4610595703125,773.6519775390625,0.572202205657959,100.31008911132812
491,682.7161865234375,793.6497192382812,1.8871181011199951,122.02679443359375
492,709.7330322265625,793.6497192382812,0.5639004707336426,91.3269271850586
493,678.1937866210938,793.6497192382812,0.5324487686157227,126.02023315429688
494,693.570556640625,793.6497192382812,0.5791294574737549,110.08692932128906
495,689.9111938476562,793.6497192382812,0.5546071529388428,113.13106536865234
496,682.2587890625,793.6497192382812,0.5657281875610352,122.53005981445312
497,698.8272094726562,793.6497192382812,0.602229118347168,103.32341766357422
498,693.2789306640625,793.6497192382812,0.5840082168579102,109.4264907836914
499,688.2443237304688,793.6497192382812,0.5575158596038818,115.9459228515625
500,699.5153198242188,793.6497192382812,0.5481886863708496,103.54780578613281
501,648.1167602539062,803.5084228515625,2.3653266429901123,170.93084716796875
502,675.4527587890625,803.5084228515625,0.5731489658355713,140.86123657226562
503,680.3250732421875,803.5084228515625,0.5821211338043213,135.50172424316406
504,675.90087890625,803.5084228515625,0.562251091003418,138.83265686035156
505,670.1635131835938,803.5084228515625,0.6117088794708252,146.6793975830078
506,655.506591796875,803.5084228515625,0.579047441482544,162.80206298828125
507,654.6295776367188,803.5084228515625,0.5533294677734375,163.7666778564453
508,676.2297973632812,803.5084228515625,0.5507690906524658,140.00648498535156
509,664.7706298828125,803.5084228515625,0.6006958484649658,151.07589721679688
510,695.0379028320312,803.5084228515625,0.5550251007080078,117.78184509277344
511,624.9124755859375,707.6944580078125,1.6237943172454834,91.06013488769531
512,587.8085327148438,707.6944580078125,0.556617259979248,131.26962280273438
513,620.10693359375,707.6944580078125,0.5194315910339355,95.74147033691406
514,601.9635620117188,707.6944580078125,0.554800271987915,115.69910430908203
515,615.2620849609375,707.6944580078125,0.5608184337615967,101.6755142211914
516,625.877685546875,707.6944580078125,0.5536558628082275,89.39360809326172
517,625.2095947265625,707.6944580078125,0.5261409282684326,90.73351287841797
518,613.5570068359375,707.6944580078125,0.5907659530639648,103.55118560791016
519,610.0958862304688,707.6944580078125,0.5805604457855225,107.35836029052734
520,620.550048828125,707.6944580078125,0.621999979019165,95.85884094238281
521,699.4542236328125,764.1549072265625,1.5548126697540283,71.17076873779297
522,702.7886352539062,764.1549072265625,0.5481820106506348,58.890159606933594
523,679.2728271484375,764.1549072265625,0.5537159442901611,93.37024688720703
524,697.6670532226562,764.1549072265625,0.5324833393096924,73.1366958618164
525,644.3375244140625,764.1549072265625,0.5312700271606445,123.1863784790039
526,696.1536865234375,764.1549072265625,0.5440464019775391,74.80142974853516
527,664.0838012695312,764.1549072265625,0.5292325019836426,101.46551513671875
528,680.4717407226562,764.1549072265625,0.534113883972168,92.05150604248047
529,663.4473876953125,764.1549072265625,0.5243692398071289,102.16547393798828
530,666.9130859375,764.1549072265625,0.5784919261932373,106.96602630615234
531,684.905517578125,782.0611572265625,2.081456184387207,106.87117004394531
532,673.5081787109375,782.0611572265625,0.6385765075683594,119.40837860107422
533,688.8815307617188,782.0611572265625,0.5544583797454834,102.49759674072266
534,704.03271484375,782.0611572265625,0.5470254421234131,79.89469146728516
535,686.479736328125,782.0611572265625,0.5617742538452148,105.1396484375
536,650.8296508789062,782.0611572265625,0.5706524848937988,144.35472106933594
537,692.0755615234375,782.0611572265625,0.6170942783355713,93.04766845703125
538,689.4927368164062,782.0611572265625,0.5357284545898438,95.88859558105469
539,671.8276977539062,782.0611572265625,0.5815908908843994,115.32011413574219
540,689.4683227539062,782.0611572265625,0.5393576622009277,95.91543579101562
541,614.1588745117188,736.125244140625,1.589390754699707,128.85507202148438
542,657.8662109375,736.125244140625,0.5168397426605225,80.77701568603516
543,603.5560302734375,736.125244140625,0.5660364627838135,140.5182647705078
544,656.6734008789062,736.125244140625,0.5653796195983887,87.39693450927734
545,614.3074340820312,736.125244140625,0.5700180530548096,133.99960327148438
546,609.984619140625,736.125244140625,0.5609910488128662,138.7547149658203
547,619.0746459960938,736.125244140625,0.57572340965271,128.7556610107422
548,629.0671997070312,736.125244140625,0.6026082038879395,117.76387786865234
549,650.39794921875,736.125244140625,0.5659196376800537,94.29999542236328
550,632.1868896484375,736.125244140625,0.5512292385101318,114.33220672607422
551,655.0836791992188,777.4141845703125,2.520611047744751,131.49887084960938
552,655.8936157226562,777.4141845703125,0.582923412322998,130.60801696777344
553,665.27392578125,777.4141845703125,0.5708847045898438,123.354248046875
554,651.1834106445312,777.4141845703125,0.5528130531311035,135.78909301757812
555,654.9581298828125,777.4141845703125,0.5678060054779053,131.636962890625
556,697.23876953125,777.4141845703125,0.5302503108978271,85.12828063964844
557,659.5846557617188,777.4141845703125,0.54929518699646,129.61256408691406
558,661.4338989257812,777.4141845703125,0.6007444858551025,124.51366424560547
559,668.73291015625,777.4141845703125,0.525841236114502,116.48464965820312
560,672.5247802734375,777.4141845703125,0.5604472160339355,115.37841033935547
561,648.9259643554688,753.2341918945312,1.5014421939849854,113.46006774902344
562,640.78662109375,753.2341918945312,0.5581238269805908,123.69237518310547
563,652.2577514648438,753.2341918945312,0.5612449645996094,111.07411193847656
564,642.0039672851562,753.2341918945312,0.5696237087249756,121.0741958618164
565,654.4163818359375,753.2341918945312,0.5329334735870361,108.6996078491211
566,636.0767211914062,753.2341918945312,0.5868101119995117,128.8733367919922
567,649.8733520507812,753.2341918945312,0.601210355758667,112.41798400878906
568,656.7118530273438,753.2341918945312,0.601722002029419,104.89571380615234
569,642.9915161132812,753.2341918945312,0.5503737926483154,119.98805236816406
570,663.646240234375,753.2341918945312,0.580836296081543,98.54679107666016
571,670.3948364257812,780.573486328125,2.104945421218872,121.1963882446289
572,686.5216674804688,780.573486328125,0.539696455001831,103.45687866210938
573,681.82568359375,780.573486328125,0.5574500560760498,108.62252044677734
574,666.3404541015625,780.573486328125,0.5552587509155273,125.65624237060547
575,657.3716430664062,780.573486328125,0.5281612873077393,127.28473663330078
576,639.1903686523438,780.573486328125,0.5839300155639648,155.5213623046875
577,669.7291259765625,780.573486328125,0.5475547313690186,121.9286880493164
578,696.6692504882812,780.573486328125,0.5982410907745361,92.29458618164062
579,650.6959838867188,780.573486328125,0.5875060558319092,142.86512756347656
580,665.5563354492188,780.573486328125,0.537351131439209,126.51880645751953
581,646.2203369140625,776.2763671875,2.441147565841675,143.06158447265625
582,665.3915405273438,776.2763671875,0.5423219203948975,121.97332763671875
583,673.1766967773438,776.2763671875,0.5908036231994629,113.40961456298828
584,683.4932250976562,776.2763671875,0.5341794490814209,102.06146240234375
585,659.2489013671875,776.2763671875,0.5260734558105469,122.86480712890625
586,640.6630859375,776.2763671875,0.5809116363525391,149.174560546875
587,633.6324462890625,776.2763671875,0.5775439739227295,151.04293823242188
588,689.4055786132812,776.2763671875,0.565732479095459,89.69253540039062
589,655.6871948242188,776.2763671875,0.5746986865997314,126.78276062011719
590,657.719482421875,776.2763671875,0.5893893241882324,130.4126739501953
591,698.8329467773438,775.6163330078125,2.1399059295654297,84.4617919921875
592,665.5091552734375,775.6163330078125,0.5330283641815186,115.46998596191406
593,673.0386352539062,775.6163330078125,0.5660066604614258,107.18746948242188
594,680.2357788085938,775.6163330078125,0.6004648208618164,104.91856384277344
595,688.5289306640625,775.6163330078125,0.5995814800262451,95.796142578125
596,668.35009765625,775.6163330078125,0.533003568649292,117.9929428100586
597,662.8419189453125,775.6163330078125,0.529625415802002,124.05177307128906
598,651.3733520507812,775.6163330078125,0.5265195369720459,131.01925659179688
599,697.3400268554688,775.6163330078125,0.559065580368042,86.10408020019531
600,658.339111328125,775.6163330078125,0.63045334815979,123.35693359375
601,674.5694580078125,756.327880859375,1.8062491416931152,89.93429565429688
602,649.829833984375,756.327880859375,0.5701019763946533,117.14794921875
603,668.244384765625,756.327880859375,0.5689690113067627,96.89187622070312
604,659.910400390625,756.327880859375,0.5587024688720703,106.05928039550781
605,654.2371826171875,756.327880859375,0.6216471195220947,112.29974365234375
606,646.0214233398438,756.327880859375,0.5515642166137695,121.33702850341797
607,664.2930908203125,756.327880859375,0.5648238658905029,101.23834228515625
608,668.951416015625,756.327880859375,0.5636208057403564,96.11410522460938
609,650.259765625,756.327880859375,0.5629372596740723,116.67500305175781
610,687.7587280273438,756.327880859375,0.5684030055999756,71.76461029052734
611,663.1567993164062,777.1781005859375,2.2940571308135986,120.97116088867188
612,677.7090454101562,777.1781005859375,0.516674280166626,104.96366882324219
613,687.65478515625,777.1781005859375,0.548431396484375,98.47569274902344
614,706.567138671875,777.1781005859375,0.5271704196929932,73.21981811523438
615,675.9810180664062,777.1781005859375,0.5354862213134766,106.8645248413086
616,676.75732421875,777.1781005859375,0.5639462471008301,106.01054382324219
617,671.1851806640625,777.1781005859375,0.5436251163482666,116.5922622680664
618,683.22900390625,777.1781005859375,0.579249382019043,98.89176177978516
619,684.1686401367188,777.1781005859375,0.5765390396118164,102.31039428710938
620,694.9071655273438,777.1781005859375,0.5726382732391357,90.498046875
621,662.891845703125,761.8316650390625,1.8114440441131592,108.833740234375
622,668.3980712890625,761.8316650390625,0.5710108280181885,102.77693939208984
623,649.386474609375,761.8316650390625,0.6027958393096924,123.68964385986328
624,635.6486206054688,761.8316650390625,0.5207829475402832,138.80117797851562
625,658.5261840820312,761.8316650390625,0.574333667755127,108.71726989746094
626,655.010009765625,761.8316650390625,0.5969889163970947,117.50373077392578
627,658.2766723632812,761.8316650390625,0.5761082172393799,113.91046142578125
628,671.8156127929688,761.8316650390625,0.5644080638885498,99.01748657226562
629,667.7782592773438,761.8316650390625,0.6238033771514893,103.45865631103516
630,660.195556640625,761.8316650390625,0.5184462070465088,106.8810806274414
631,660.8121337890625,788.1774291992188,1.8903295993804932,140.10202026367188
632,670.3053588867188,788.1774291992188,0.539116621017456,129.659423828125
633,667.1172485351562,788.1774291992188,0.5883913040161133,133.16632080078125
634,673.12890625,788.1774291992188,0.5354857444763184,124.86296081542969
635,696.328125,788.1774291992188,0.6085283756256104,99.34373474121094
636,645.411865234375,788.1774291992188,0.5356018543243408,157.042236328125
637,704.92822265625,788.1774291992188,0.5646302700042725,91.57417297363281
638,685.4303588867188,788.1774291992188,0.540069580078125,111.33135223388672
639,665.109619140625,788.1774291992188,0.6078314781188965,135.374755859375
640,669.0762329101562,788.1774291992188,0.5605013370513916,129.32083129882812
641,665.3486328125,782.8875732421875,1.909132719039917,129.29275512695312
642,653.1184692382812,782.8875732421875,0.5738027095794678,142.7459259033203
643,671.2232666015625,782.8875732421875,0.5770227909088135,122.8306884765625
644,675.3924560546875,782.8875732421875,0.5413012504577637,118.24447631835938
645,648.0,782.8875732421875,0.5669870376586914,148.3761444091797
646,684.472900390625,782.8875732421875,0.5869851112365723,108.25607299804688
647,676.3850708007812,782.8875732421875,0.5487134456634521,117.15274047851562
648,662.4595336914062,782.8875732421875,0.6087238788604736,132.4708251953125
649,662.19482421875,782.8875732421875,0.5350620746612549,132.761962890625
650,671.1719360351562,782.8875732421875,0.5173847675323486,119.49302673339844
651,631.451904296875,740.820068359375,1.5823984146118164,118.75176239013672
652,629.9209594726562,740.820068359375,0.607658863067627,120.43579864501953
653,650.9537353515625,740.820068359375,0.565133810043335,98.85289764404297
654,612.9161376953125,740.820068359375,0.572554349899292,139.1412811279297
655,652.72412109375,740.820068359375,0.6040363311767578,95.3524169921875
656,617.1007690429688,740.820068359375,0.5813066959381104,134.53810119628906
657,626.5725708007812,740.820068359375,0.6144793033599854,125.67211151123047
658,632.3775024414062,740.820068359375,0.5754163265228271,117.7337646484375
659,639.343505859375,740.820068359375,0.5998969078063965,111.62415313720703
660,622.7101440429688,740.820068359375,0.5266163349151611,129.92091369628906
661,653.352783203125,771.7908935546875,2.010561466217041,127.08074188232422
662,664.5601806640625,771.7908935546875,0.5202586650848389,117.95380401611328
663,651.1401977539062,771.7908935546875,0.5756311416625977,132.71568298339844
664,659.8546142578125,771.7908935546875,0.5182030200958252,123.12992095947266
665,686.0606689453125,771.7908935546875,0.541801929473877,94.30313873291016
666,654.7683715820312,771.7908935546875,0.5124189853668213,128.72486877441406
667,664.3482666015625,771.7908935546875,0.568962574005127,118.18688201904297
668,678.8643188476562,771.7908935546875,0.5559718608856201,102.21920776367188
669,665.3308715820312,771.7908935546875,0.5626616477966309,117.10599517822266
670,668.0525512695312,771.7908935546875,0.5345966815948486,114.11215209960938
671,626.8977661132812,741.078857421875,1.6399552822113037,125.5990982055664
672,653.588134765625,741.078857421875,0.6070725917816162,94.35167694091797
673,633.8919067382812,741.078857421875,0.5425930023193359,117.90555572509766
674,649.25048828125,741.078857421875,0.5935888290405273,101.01107025146484
675,684.9593505859375,741.078857421875,0.5555176734924316,61.73148727416992
676,629.748046875,741.078857421875,0.5646586418151855,122.4637451171875
677,648.6381225585938,741.078857421875,0.5989632606506348,99.796630859375
678,641.8697509765625,741.078857421875,0.5995111465454102,109.1299819946289
679,644.9776611328125,741.078857421875,0.5208094120025635,103.8232421875
680,649.1576538085938,741.078857421875,0.5539734363555908,99.22518157958984
681,631.53955078125,739.129150390625,1.6209111213684082,118.3484878540039
682,645.7576904296875,739.129150390625,0.5536189079284668,102.70848846435547
683,630.2446899414062,739.129150390625,0.5396723747253418,119.77293395996094
684,646.8638305664062,739.129150390625,0.5272855758666992,96.901123046875
685,667.0169677734375,739.129150390625,0.5281636714935303,74.73243713378906
686,652.665283203125,739.129150390625,0.6239578723907471,95.11021423339844
687,659.6038208007812,739.129150390625,0.49352359771728516,87.47777557373047
688,650.9424438476562,739.129150390625,0.6131749153137207,92.41451263427734
689,648.746337890625,739.129150390625,0.5768487453460693,99.42095947265625
690,654.8788452148438,739.129150390625,0.530637264251709,88.08445739746094
691,644.2847900390625,750.9810791015625,1.6728789806365967,112.76647186279297
692,629.3640747070312,750.9810791015625,0.5786077976226807,133.77865600585938
693,643.673583984375,750.9810791015625,0.5329239368438721,113.43879699707031
694,675.0819091796875,750.9810791015625,0.5586109161376953,78.88973236083984
695,643.0802001953125,750.9810791015625,0.5489485263824463,118.69087219238281
696,617.1668090820312,750.9810791015625,0.542682409286499,147.1956329345703
697,620.0376586914062,750.9810791015625,0.582613468170166,144.03765869140625
698,637.324951171875,750.9810791015625,0.6072545051574707,125.02169799804688
699,628.9382934570312,750.9810791015625,0.5415289402008057,134.24700927734375
700,655.5557861328125,750.9810791015625,0.5312633514404297,104.96780395507812
701,715.1964111328125,829.4343872070312,2.39245343208313,125.66185760498047
702,694.2927856445312,829.4343872070312,0.5613813400268555,148.6557159423828
703,697.0157470703125,829.4343872070312,0.5535657405853271,145.66062927246094
704,694.493408203125,829.4343872070312,0.6000328063964844,148.43505859375
705,691.8876953125,829.4343872070312,0.6149997711181641,146.15272521972656
706,726.27587890625,829.4343872070312,0.6047592163085938,113.47439575195312
707,718.412109375,829.4343872070312,0.5233204364776611,116.97589111328125
708,706.1989135742188,829.4343872070312,0.6005728244781494,135.5590057373047
709,689.4950561523438,829.4343872070312,0.5741572380065918,148.78465270996094
710,747.9309692382812,829.4343872070312,0.5455479621887207,89.6539306640625
711,674.48046875,806.0890502929688,2.148441791534424,141.84033203125
712,686.2138671875,806.0890502929688,0.5239591598510742,128.93365478515625
713,706.0986938476562,806.0890502929688,0.5795998573303223,109.9894027709961
714,672.4066772460938,806.0890502929688,0.6515483856201172,147.05064392089844
715,681.4309692382812,806.0890502929688,0.5971677303314209,137.1239776611328
716,692.8157958984375,806.0890502929688,0.5459780693054199,121.67143249511719
717,688.383544921875,806.0890502929688,0.52565598487854,129.47605895996094
718,703.7327880859375,806.0890502929688,0.5678095817565918,109.66268157958984
719,676.6982421875,806.0890502929688,0.5344295501708984,142.3299102783203
720,693.8399658203125,806.0890502929688,0.5438261032104492,123.47404479980469
721,648.5292358398438,758.0546264648438,1.712589979171753,118.770751953125
722,645.3394775390625,758.0546264648438,0.5621609687805176,123.98670959472656
723,640.1204833984375,758.0546264648438,0.5308732986450195,129.72756958007812
724,616.9391479492188,758.0546264648438,0.5644872188568115,153.51980590820312
725,633.694580078125,758.0546264648438,0.6175954341888428,136.7960968017578
726,617.1863403320312,758.0546264648438,0.5886602401733398,154.95506286621094
727,663.5003051757812,758.0546264648438,0.5880701541900635,104.00979614257812
728,649.1600952148438,758.0546264648438,0.5302786827087402,118.07677459716797
729,618.1865844726562,758.0546264648438,0.5716426372528076,152.1475830078125
730,639.3435668945312,758.0546264648438,0.6240525245666504,130.58216857910156
731,671.3184204101562,779.5337524414062,2.159360647201538,119.03678131103516
732,655.326904296875,779.5337524414062,0.5473573207855225,136.62750244140625
733,671.7769775390625,779.5337524414062,0.567573070526123,115.2646713256836
734,697.7672119140625,779.5337524414062,0.5220704078674316,89.9432373046875
735,671.4854736328125,779.5337524414062,0.5507247447967529,115.58518981933594
736,699.3861694335938,779.5337524414062,0.6000933647155762,88.16226959228516
737,671.5772705078125,779.5337524414062,0.5573244094848633,115.48439025878906
738,676.4420166015625,779.5337524414062,0.6012599468231201,113.4007797241211
739,665.5062255859375,779.5337524414062,0.5375399589538574,125.43031311035156
740,700.3922729492188,779.5337524414062,0.5492286682128906,83.78773498535156
741,694.471435546875,776.1608276367188,2.125332832336426,83.56853485107422
742,685.167724609375,776.1608276367188,0.5775120258331299,100.09262084960938
743,644.9764404296875,776.1608276367188,0.5811123847961426,138.01309204101562
744,665.4249877929688,776.1608276367188,0.5644176006317139,115.51982116699219
745,696.6575317382812,776.1608276367188,0.562528133392334,87.45378112792969
746,652.0880737304688,776.1608276367188,0.591231107711792,130.19033813476562
747,649.4525756835938,776.1608276367188,0.5547664165496826,133.0894012451172
748,652.209716796875,776.1608276367188,0.6088638305664062,136.34625244140625
749,660.1691284179688,776.1608276367188,0.5725076198577881,127.59098052978516
750,662.0291137695312,776.1608276367188,0.6217122077941895,119.25521850585938
751,687.5983276367188,806.2363891601562,2.0718398094177246,130.50173950195312
752,682.4500122070312,806.2363891601562,0.5840339660644531,133.012939453125
753,705.6033325195312,806.2363891601562,0.5317742824554443,107.54429626464844
754,709.6348266601562,806.2363891601562,0.5211668014526367,103.10963439941406
755,708.1458129882812,806.2363891601562,0.5377414226531982,107.8996353149414
756,680.69482421875,806.2363891601562,0.5423436164855957,134.94361877441406
757,693.1419067382812,806.2363891601562,0.5345337390899658,121.25183868408203
758,701.9465942382812,806.2363891601562,0.5795159339904785,111.56669616699219
759,680.1293334960938,806.2363891601562,0.5486788749694824,135.56558227539062
760,683.622802734375,806.2363891601562,0.5384740829467773,131.7228240966797
761,658.5643920898438,782.9768676757812,1.8046021461486816,136.85369873046875
762,672.6392822265625,782.9768676757812,0.5205340385437012,119.44742584228516
763,673.5928955078125,782.9768676757812,0.5255599021911621,120.32246398925781
764,659.5252075195312,782.9768676757812,0.5578341484069824,135.79678344726562
765,651.6254272460938,782.9768676757812,0.5766196250915527,144.48660278320312
766,681.8912963867188,782.9768676757812,0.5491101741790771,109.27015686035156
767,682.14404296875,782.9768676757812,0.526369571685791,108.99219512939453
768,672.3284912109375,782.9768676757812,0.5698568820953369,119.78932189941406
769,670.4544677734375,782.9768676757812,0.5430908203125,121.85069274902344
770,678.7891845703125,782.9768676757812,0.5674271583557129,114.60665130615234
771,673.3090209960938,809.9227294921875,1.6717469692230225,148.3966827392578
772,708.0289916992188,809.9227294921875,0.540783166885376,110.20448303222656
773,713.4810791015625,809.9227294921875,0.5429511070251465,106.08590698242188
774,700.6817016601562,809.9227294921875,0.5175387859344482,120.1649169921875
775,688.9884643554688,809.9227294921875,0.5819542407989502,131.1490936279297
776,718.792724609375,809.9227294921875,0.5944321155548096,100.24288940429688
777,709.8829345703125,809.9227294921875,0.5987794399261475,108.16533660888672
778,727.3875122070312,809.9227294921875,0.5299437046051025,88.91027069091797
779,737.4800415039062,809.9227294921875,0.5370523929595947,79.68684387207031
780,728.9622802734375,809.9227294921875,0.6353435516357422,89.05635833740234
781,651.8862915039062,739.4349365234375,1.5961365699768066,95.5640869140625
782,648.0462646484375,739.4349365234375,0.601578950881958,100.52742004394531
783,644.8890991210938,739.4349365234375,0.5429978370666504,104.00030517578125
784,675.28369140625,739.4349365234375,0.5826222896575928,70.56623077392578
785,656.5126342773438,739.4349365234375,0.5792336463928223,91.2144546508789
786,650.639404296875,739.4349365234375,0.6491920948028564,97.67511749267578
787,670.25537109375,739.4349365234375,0.5250253677368164,76.097412109375
788,649.203125,739.4349365234375,0.608748197555542,98.51557922363281
789,667.4617919921875,739.4349365234375,0.531381368637085,78.43087768554688
790,661.075927734375,739.4349365234375,0.5395634174346924,86.19487762451172
791,673.2423706054688,758.0205688476562,2.3343026638031006,88.97027587890625
792,664.4500122070312,758.0205688476562,0.6188948154449463,102.92752075195312
793,679.4310913085938,758.0205688476562,0.5296487808227539,86.44841766357422
794,676.829833984375,758.0205688476562,0.54695725440979,89.3096694946289
795,651.6760864257812,758.0205688476562,0.5188848972320557,116.97893524169922
796,645.9827880859375,758.0205688476562,0.6631240844726562,118.95575714111328
797,660.54443359375,758.0205688476562,0.5524418354034424,102.9380111694336
798,635.9828491210938,758.0205688476562,0.5290858745574951,129.95565795898438
799,675.609375,758.0205688476562,0.587853193283081,90.6523208618164
800,679.773681640625,758.0205688476562,0.5348539352416992,81.78582763671875
801,705.1756591796875,798.4446411132812,2.2441325187683105,102.59579467773438
802,683.137939453125,798.4446411132812,0.5613348484039307,126.83735656738281
803,687.0601806640625,798.4446411132812,0.5714852809906006,122.52298736572266
804,698.1338500976562,798.4446411132812,0.5408186912536621,107.11572265625
805,674.4404296875,798.4446411132812,0.5647225379943848,136.40463256835938
806,701.68017578125,798.4446411132812,0.5789227485656738,106.44096374511719
807,679.4328002929688,798.4446411132812,0.5248668193817139,127.68685150146484
808,687.793701171875,798.4446411132812,0.6194202899932861,118.4898681640625
809,675.93212890625,798.4446411132812,0.6278457641601562,134.76376342773438
810,682.0946655273438,798.4446411132812,0.5613553524017334,124.75886535644531
811,665.4840087890625,755.3379516601562,1.6291677951812744,93.21714782714844
812,661.3004760742188,755.3379516601562,0.5840508937835693,103.441162109375
813,656.5191650390625,755.3379516601562,0.5223743915557861,103.078369140625
814,656.1893920898438,755.3379516601562,0.576664924621582,103.44121551513672
815,641.0794067382812,755.3379516601562,0.5384948253631592,125.6844253540039
816,675.3634033203125,755.3379516601562,0.5890092849731445,87.9720230102539
817,651.5179443359375,755.3379516601562,0.5520632266998291,108.57976531982422
818,649.1024169921875,755.3379516601562,0.5332868099212646,111.23686218261719
819,645.7905883789062,755.3379516601562,0.550358772277832,120.50213623046875
820,656.8138427734375,755.3379516601562,0.5866103172302246,108.376708984375
821,650.3644409179688,723.2466430664062,1.601863145828247,80.17050170898438
822,654.8775024414062,723.2466430664062,0.5408346652984619,75.20606994628906
823,646.7877197265625,723.2466430664062,0.5791356563568115,82.24518585205078
824,628.6215209960938,723.2466430664062,0.5324695110321045,104.08751678466797
825,621.9912719726562,723.2466430664062,0.5913543701171875,109.52129364013672
826,635.5210571289062,723.2466430664062,0.5668342113494873,96.49807739257812
827,657.7831420898438,723.2466430664062,0.5624487400054932,72.0098876953125
828,606.1436767578125,723.2466430664062,0.5723354816436768,126.9537353515625
829,623.9594116210938,723.2466430664062,0.6690163612365723,107.35639953613281
830,633.6549072265625,723.2466430664062,0.6002545356750488,98.55091094970703
831,740.3706665039062,831.4243774414062,2.295119285583496,100.1592025756836
832,727.1199340820312,831.4243774414062,0.5626583099365234,113.05178833007812
833,727.8279418945312,831.4243774414062,0.5652754306793213,112.27304077148438
834,729.5384521484375,831.4243774414062,0.5511283874511719,112.0745849609375
835,720.9998779296875,831.4243774414062,0.5703318119049072,121.46688079833984
836,715.8485717773438,831.4243774414062,0.5765042304992676,127.13336944580078
837,711.4611206054688,831.4243774414062,0.5755279064178467,130.27650451660156
838,742.771240234375,831.4243774414062,0.5037086009979248,97.5184555053711
839,739.8441162109375,831.4243774414062,0.5848381519317627,100.73831176757812
840,733.1835327148438,831.4243774414062,0.5706472396850586,106.38195037841797
841,650.024169921875,759.69775390625,1.8357923030853271,118.75691223144531
842,668.225830078125,759.69775390625,0.5580565929412842,100.61923217773438
843,663.4239501953125,759.69775390625,0.5565381050109863,105.90122985839844
844,668.5328369140625,759.69775390625,0.6110477447509766,100.28145599365234
845,663.3184204101562,759.69775390625,0.5691277980804443,106.01730346679688
846,666.3497314453125,759.69775390625,0.5510697364807129,102.68287658691406
847,683.024169921875,759.69775390625,0.5945665836334229,82.45694732666016
848,641.6912231445312,759.69775390625,0.5172877311706543,127.9232406616211
849,672.287109375,759.69775390625,0.5800356864929199,96.15181732177734
850,677.8473510742188,759.69775390625,0.5639722347259521,90.03544616699219
851,697.2467651367188,812.7823486328125,2.2399604320526123,127.08922576904297
852,704.4000244140625,812.7823486328125,0.5987939834594727,119.2205810546875
853,707.405517578125,812.7823486328125,0.5710692405700684,115.91458129882812
854,719.5068359375,812.7823486328125,0.5712988376617432,96.82492065429688
855,690.9362182617188,812.7823486328125,0.5175414085388184,134.03073120117188
856,656.0419311523438,812.7823486328125,0.5392203330993652,172.41445922851562
857,676.883544921875,812.7823486328125,0.5350816249847412,149.48863220214844
858,717.5447998046875,812.7823486328125,0.5727555751800537,104.76132202148438
859,692.390380859375,812.7823486328125,0.5576796531677246,132.43109130859375
860,699.7332153320312,812.7823486328125,0.5574767589569092,124.35404968261719
861,635.4520874023438,770.6766357421875,2.292091131210327,148.74700927734375
862,636.2501220703125,770.6766357421875,0.5430059432983398,147.869140625
863,650.240234375,770.6766357421875,0.5843827724456787,131.8267059326172
864,657.7156372070312,770.6766357421875,0.537714958190918,124.25697326660156
865,682.8339233398438,770.6766357421875,0.555417537689209,96.62699127197266
866,672.0833129882812,770.6766357421875,0.5492196083068848,107.7994384765625
867,635.6168823242188,770.6766357421875,0.5715498924255371,148.565673828125
868,654.65087890625,770.6766357421875,0.592371940612793,127.62826538085938
869,656.039794921875,770.6766357421875,0.5653896331787109,125.4473876953125
870,674.8829345703125,770.6766357421875,0.5246591567993164,104.7197494506836
871,685.7461547851562,788.3411865234375,1.8361194133758545,112.85449981689453
872,664.1600952148438,788.3411865234375,0.5566198825836182,136.59912109375
873,658.8892822265625,788.3411865234375,0.5327551364898682,141.6669921875
874,674.006103515625,788.3411865234375,0.5445840358734131,125.03858947753906
875,672.9664306640625,788.3411865234375,0.5556933879852295,126.18219757080078
876,681.690185546875,788.3411865234375,0.5787365436553955,117.31599426269531
877,662.7584228515625,788.3411865234375,0.5282044410705566,137.41094970703125
878,680.4595947265625,788.3411865234375,0.5944621562957764,118.66964721679688
879,691.8260498046875,788.3411865234375,0.48639369010925293,105.43651580810547
880,690.8716430664062,788.3411865234375,0.6273577213287354,106.486572265625
881,662.3411865234375,766.4364624023438,2.0639493465423584,108.27293395996094
882,651.5177001953125,766.4364624023438,0.5180087089538574,126.41065216064453
883,664.1236572265625,766.4364624023438,0.5341982841491699,112.54412841796875
884,662.9197387695312,766.4364624023438,0.553600549697876,113.86849975585938
885,661.3956909179688,766.4364624023438,0.5547182559967041,115.54489135742188
886,634.787353515625,766.4364624023438,0.5774989128112793,144.81410217285156
887,641.6409301757812,766.4364624023438,0.5655460357666016,137.27503967285156
888,663.941650390625,766.4364624023438,0.5743944644927979,112.74432373046875
889,671.4707641601562,766.4364624023438,0.5400500297546387,98.23046112060547
890,658.8030395507812,766.4364624023438,0.5901694297790527,118.39677429199219
891,684.3099975585938,781.715087890625,2.1230685710906982,107.1456069946289
892,683.1848754882812,781.715087890625,0.6220746040344238,108.38323974609375
893,687.5397338867188,781.715087890625,0.5342068672180176,103.59284973144531
894,696.4614868164062,781.715087890625,0.5933964252471924,93.77890014648438
895,677.2700805664062,781.715087890625,0.6076693534851074,110.46424865722656
896,660.0366821289062,781.715087890625,0.567568302154541,133.84625244140625
897,681.6692504882812,781.715087890625,0.5699388980865479,105.62506103515625
898,680.38525390625,781.715087890625,0.5542399883270264,111.46284484863281
899,678.7066040039062,781.715087890625,0.6276199817657471,108.8840560913086
900,697.5831909179688,781.715087890625,0.5341222286224365,88.11980438232422
901,692.0670776367188,816.460205078125,2.2131869792938232,131.45346069335938
902,733.772216796875,816.460205078125,0.5442204475402832,90.95686340332031
903,698.0625610351562,816.460205078125,0.559706449508667,130.23736572265625
904,749.5269165039062,816.460205078125,0.5086483955383301,68.24786376953125
905,707.71923828125,816.460205078125,0.5325355529785156,119.61495971679688
906,691.4389038085938,816.460205078125,0.5744228363037109,137.52337646484375
907,679.4208374023438,816.460205078125,0.5708551406860352,145.36436462402344
908,675.3549194335938,816.460205078125,0.5409832000732422,149.8368682861328
909,687.74609375,816.460205078125,0.5561277866363525,136.2065887451172
910,728.765380859375,816.460205078125,0.5368666648864746,96.46434020996094
911,712.6334228515625,786.7536010742188,1.966296911239624,76.45928955078125
912,678.583740234375,786.7536010742188,0.5548050403594971,118.98681640625
913,690.331298828125,786.7536010742188,0.5321404933929443,106.06444549560547
914,689.7939453125,786.7536010742188,0.5515894889831543,101.58261108398438
915,707.3930053710938,786.7536010742188,0.5824551582336426,87.29672241210938
916,679.8858032226562,786.7536010742188,0.5267682075500488,117.55460357666016
917,702.9892578125,786.7536010742188,0.5455141067504883,92.14082336425781
918,705.6245727539062,786.7536010742188,0.565988302230835,89.24188232421875
919,690.4058227539062,786.7536010742188,0.5666232109069824,105.98258972167969
920,705.987060546875,786.7536010742188,0.6925244331359863,83.7703857421875
921,636.7578125,746.7867431640625,1.672940731048584,121.03180694580078
922,668.0031127929688,746.7867431640625,0.5981595516204834,83.598876953125
923,634.9845581054688,746.7867431640625,0.5618634223937988,119.91924285888672
924,665.2330932617188,746.7867431640625,0.6307249069213867,86.64583587646484
925,640.4277954101562,746.7867431640625,0.5729777812957764,113.93169403076172
926,660.7139892578125,746.7867431640625,0.6176021099090576,91.61688995361328
927,672.0194702148438,746.7867431640625,0.542565107345581,82.24400329589844
928,661.4853515625,746.7867431640625,0.5667877197265625,90.76838684082031
929,652.3049926757812,746.7867431640625,0.55124831199646,100.86676025390625
930,641.4984130859375,746.7867431640625,0.5724587440490723,115.817138671875
931,634.5060424804688,724.05224609375,1.5406904220581055,98.50076293945312
932,630.6657104492188,724.05224609375,0.5611088275909424,102.72517395019531
933,620.0554809570312,724.05224609375,0.56606125831604,112.35704803466797
934,638.5050659179688,724.05224609375,0.5022234916687012,92.06248474121094
935,642.6204223632812,724.05224609375,0.5317988395690918,87.53562927246094
936,648.763427734375,724.05224609375,0.5337207317352295,80.77828979492188
937,624.3287963867188,724.05224609375,0.5635297298431396,109.69566345214844
938,643.4664916992188,724.05224609375,0.6002850532531738,88.64432525634766
939,626.3035278320312,724.05224609375,0.550621747970581,107.52348327636719
940,625.447509765625,724.05224609375,0.5240347385406494,108.46511840820312
941,682.8252563476562,789.5963745117188,2.073908567428589,117.44815826416016
942,694.50537109375,789.5963745117188,0.5546889305114746,104.6001205444336
943,692.8028564453125,789.5963745117188,0.5824415683746338,103.95738220214844
944,685.3300170898438,789.5963745117188,0.5807089805603027,114.69300079345703
945,676.5285034179688,789.5963745117188,0.6089930534362793,124.37469482421875
946,690.1580810546875,789.5963745117188,0.585885763168335,109.38213348388672
947,701.15576171875,789.5963745117188,0.5532670021057129,97.28467559814453
948,677.510009765625,789.5963745117188,0.5864732265472412,120.77940368652344
949,669.6805419921875,789.5963745117188,0.5453479290008545,129.39198303222656
950,694.3329467773438,789.5963745117188,0.5508859157562256,102.27423095703125
951,673.1785888671875,796.4371337890625,1.9381167888641357,131.2620391845703
952,672.4388427734375,796.4371337890625,0.5802967548370361,132.07577514648438
953,662.876220703125,796.4371337890625,0.5580630302429199,142.5945281982422
954,656.7185668945312,796.4371337890625,0.5991387367248535,153.6904754638672
955,684.3133544921875,796.4371337890625,0.5196335315704346,123.33612823486328
956,659.81201171875,796.4371337890625,0.5377020835876465,150.28768920898438
957,700.0712280273438,796.4371337890625,0.5495302677154541,106.00253295898438
958,689.0673217773438,796.4371337890625,0.5727972984313965,113.78443908691406
959,715.6556396484375,796.4371337890625,0.5909264087677002,88.85968780517578
960,652.9034423828125,796.4371337890625,0.5490086078643799,153.56459045410156
961,703.8553466796875,778.4647827148438,2.194406032562256,78.56256866455078
962,684.7658081054688,778.4647827148438,0.5442664623260498,103.06884765625
963,692.4860229492188,778.4647827148438,0.5951769351959229,91.06871032714844
964,671.5498657226562,778.4647827148438,0.5766246318817139,117.60629272460938
965,690.1748657226562,778.4647827148438,0.575218677520752,93.61085510253906
966,673.8410034179688,778.4647827148438,0.5721757411956787,111.57829284667969
967,684.5902709960938,778.4647827148438,0.5611505508422852,103.26195526123047
968,688.0927124023438,778.4647827148438,0.5452075004577637,95.90144348144531
969,703.9777221679688,778.4647827148438,0.5320513248443604,78.42786407470703
970,677.007080078125,778.4647827148438,0.5717298984527588,108.09555053710938
971,694.1849975585938,769.4592895507812,1.7464959621429443,78.42744445800781
972,680.1043090820312,769.4592895507812,0.5614206790924072,93.91616821289062
973,691.2411499023438,769.4592895507812,0.5623767375946045,86.04008483886719
974,669.9215087890625,769.4592895507812,0.5539867877960205,105.11721801757812
975,684.89501953125,769.4592895507812,0.5733242034912109,93.02082824707031
976,679.3571166992188,769.4592895507812,0.5461740493774414,94.73799896240234
977,666.3496704101562,769.4592895507812,0.5473072528839111,113.4205322265625
978,665.7234497070312,769.4592895507812,0.5423572063446045,114.10943603515625
979,697.3925170898438,769.4592895507812,0.5417449474334717,79.27344512939453
980,676.9979858398438,769.4592895507812,0.5406203269958496,101.70740509033203
981,675.67431640625,788.8380126953125,2.166187047958374,124.48017883300781
982,704.5159301757812,788.8380126953125,0.5872325897216797,92.75431060791016
983,676.36279296875,788.8380126953125,0.62007737159729,118.8396224975586
984,686.5263061523438,788.8380126953125,0.5718996524810791,112.54293060302734
985,705.8622436523438,788.8380126953125,0.5672705173492432,91.27332305908203
986,653.8306274414062,788.8380126953125,0.5496232509613037,148.50811767578125
987,688.0143432617188,788.8380126953125,0.5616610050201416,110.90599060058594
988,666.1445922851562,788.8380126953125,0.5465958118438721,134.96273803710938
989,666.1466674804688,788.8380126953125,0.5736792087554932,130.0772705078125
990,673.49951171875,788.8380126953125,0.5656507015228271,121.98921203613281
991,636.5142211914062,734.9866333007812,1.6468372344970703,105.77378845214844
992,662.7239990234375,734.9866333007812,0.5719923973083496,79.48896789550781
993,646.9866943359375,734.9866333007812,0.5838198661804199,96.80001068115234
994,628.7473754882812,734.9866333007812,0.5826518535614014,116.86328887939453
995,658.2342529296875,734.9866333007812,0.5406866073608398,81.88180541992188
996,644.53271484375,734.9866333007812,0.5355103015899658,96.9534912109375
997,643.68115234375,734.9866333007812,0.5102019309997559,100.43607330322266
998,645.29736328125,734.9866333007812,0.5679230690002441,98.65825653076172
999,625.7950439453125,734.9866333007812,0.5540294647216797,117.56483459472656
1000,630.920166015625,734.9866333007812,0.5229191780090332,114.47325897216797
